"UserID","id","Rank","score"
"1662","209","V5",505.914147868708
"1662","234","V3",531.852738283573
"1662","7","V2",539.041517179928
"1662","704","V1",644.923269022738
"1662","959","V4",519.142912340598
"1663","220","V4",1181.4285009919
"1663","486","V5",1174.5062331657
"1663","86","V1",2748.83931467425
"1663","889","V2",1582.44108064838
"1663","961","V3",1367.35958893338
"1664","307","V4",14657.3402781283
"1664","403","V2",14852.8832694966
"1664","523","V5",14589.1101948774
"1664","679","V3",14840.4480356991
"1664","704","V1",16432.9422135859
"1665","399","V5",121.010960004471
"1665","493","V2",429.313969476631
"1665","537","V1",768.046496235331
"1665","808","V3",212.302843936928
"1665","966","V4",180.605238624957
"1666","285","V3",2886.80133038011
"1666","328","V4",2843.81262949982
"1666","465","V2",2916.03746286612
"1666","538","V5",2831.13092331315
"1666","903","V1",2985.84805840241
"1667","412","V5",317.521657893783
"1667","424","V2",423.571215814282
"1667","429","V3",401.772291480053
"1667","436","V4",389.026847095132
"1667","499","V1",481.80346579664
"1669","246","V3",239.553451927259
"1669","316","V4",211.619704243296
"1669","412","V1",445.485649805164
"1669","439","V5",197.844686242866
"1669","924","V2",265.810951315591
"1670","806","V2",299.279662748395
"1670","811","V5",219.962753629622
"1670","830","V1",410.605068610172
"1670","834","V3",229.075641665515
"1670","835","V4",227.144690036911
"1671","718","V2",875.582835992109
"1671","779","V3",864.33498818945
"1671","813","V4",810.182413442633
"1671","842","V1",949.567351659821
"1671","949","V5",786.913876251815
"1672","1001","V4",800.272554407703
"1672","190","V3",801.871050735433
"1672","30","V1",866.48167574652
"1672","511","V5",734.581310580665
"1672","599","V2",826.143447688766
"1674","191","V4",679.928760653968
"1674","223","V2",1472.5071783242
"1674","544","V3",1257.4387332045
"1674","704","V1",1898.50010751594
"1674","757","V5",658.959747392978
"1675","191","V3",3194.59639914936
"1675","289","V2",3285.88880986344
"1675","344","V1",4337.71107139199
"1675","65","V4",2572.77956842306
"1675","681","V5",2523.56200110129
"1676","170","V2",504.005200421024
"1676","412","V1",694.414729135601
"1676","517","V4",458.407708504111
"1676","843","V5",444.807799391437
"1676","924","V3",474.745375767836
"1677","234","V4",1102.84468885149
"1677","366","V5",1037.99693855871
"1677","517","V1",1337.75916052876
"1677","816","V2",1217.96672724283
"1677","843","V3",1187.83464417557
"1678","290","V3",729.727311984638
"1678","352","V4",397.290026012965
"1678","548","V5",303.239614438063
"1678","683","V1",1623.11758930028
"1678","694","V2",1058.55503720162
"1679","207","V4",531.676073714368
"1679","390","V3",596.45444274718
"1679","416","V1",651.491539795557
"1679","441","V5",530.443955604034
"1679","540","V2",624.947235013978
"1680","226","V2",892.02195910214
"1680","362","V4",726.763671518842
"1680","445","V5",709.769607030883
"1680","705","V3",798.534464980005
"1680","733","V1",969.370368539515
"1682","207","V4",2310.2506955555
"1682","403","V2",2374.68397439138
"1682","424","V5",2262.8281989287
"1682","679","V3",2363.32997028824
"1682","704","V1",3951.95981131776
"1683","103","V4",883.28332870679
"1683","198","V1",1510.44689616148
"1683","246","V2",952.866205258258
"1683","691","V5",876.588928054702
"1683","707","V3",909.475846372495
"1684","296","V1",1443.22358273094
"1684","323","V5",1186.79380105789
"1684","377","V2",1322.82131571916
"1684","830","V3",1291.42678768989
"1684","906","V4",1216.35552386603
"1685","183","V3",241.920870873382
"1685","292","V2",277.211987909766
"1685","689","V1",284.380654978783
"1685","886","V4",237.008124759543
"1685","97","V5",230.043179684993
"1686","1","V4",1128.42857142857
"1686","2","V5",1128.42857142857
"1686","681","V2",1137.02187497302
"1686","857","V1",1174.46447298887
"1686","966","V3",1131.0896309006
"1687","290","V1",3567.9149037625
"1687","291","V5",2350.90339723679
"1687","293","V2",2515.07606330841
"1687","294","V3",2471.78948141131
"1687","325","V4",2392.35084363557
"1688","195","V3",829.497932569006
"1688","217","V2",835.015627428609
"1688","222","V5",711.065153756821
"1688","225","V4",752.525578723459
"1688","859","V1",922.999466880111
"1689","222","V1",664.452574848053
"1689","625","V3",491.090921694595
"1689","632","V2",544.521368887767
"1689","747","V4",476.759983158984
"1689","769","V5",465.781247428579
"1690","251","V1",716.070314352024
"1690","257","V3",571.765746595309
"1690","328","V2",575.477015133165
"1690","332","V4",568.802408581205
"1690","646","V5",566.527151568744
"1691","163","V2",682.997421348308
"1691","217","V3",509.49188623181
"1691","331","V1",993.692768807271
"1691","616","V4",493.610247268588
"1691","859","V5",484.426326462563
"1692","290","V3",1062.88903621064
"1692","548","V5",519.001632214696
"1692","683","V1",1898.15750324012
"1692","694","V2",1242.12765391325
"1692","728","V4",536.012936862349
"1693","173","V2",477.601167266727
"1693","283","V4",457.071452106859
"1693","528","V3",475.364799849884
"1693","542","V5",436.846857918193
"1693","903","V1",592.129667971476
"1694","239","V4",1311.17244519225
"1694","312","V3",1424.00282215022
"1694","322","V1",1472.36732863778
"1694","617","V2",1448.046366593
"1694","683","V5",1237.8520318797
"1695","199","V4",490.937356696957
"1695","229","V5",481.173947017245
"1695","276","V3",589.107472415626
"1695","443","V1",789.488464177139
"1695","986","V2",785.1933824969
"1696","154","V5",412.183828162943
"1696","533","V3",511.349374473525
"1696","562","V2",852.258799668893
"1696","614","V1",951.683612807672
"1696","879","V4",443.254009606605
"1697","190","V1",1206.92799682296
"1697","226","V4",837.441701942993
"1697","617","V2",1015.84664137909
"1697","709","V5",829.31393764557
"1697","733","V3",878.381631275157
"1699","227","V1",1403.83060965466
"1699","292","V2",1103.99997269928
"1699","294","V4",981.284160038138
"1699","323","V3",1068.01330247343
"1699","352","V5",973.459536320809
"1700","418","V5",395.817083733259
"1700","439","V2",523.389437265673
"1700","615","V1",615.566174617853
"1700","715","V3",459.518005166267
"1700","718","V4",412.938942970512
"1701","154","V3",306.463282794344
"1701","220","V4",285.761700940558
"1701","618","V5",276.352326712762
"1701","629","V2",309.300122331201
"1701","748","V1",476.405389692433
"1702","152","V5",492.104442641511
"1702","533","V2",545.004911620349
"1702","614","V1",1126.64147281497
"1702","712","V3",496.80412297598
"1702","879","V4",494.287336977305
"1703","182","V3",643.599541215051
"1703","39","V4",640.601445445759
"1703","487","V5",477.620399966982
"1703","534","V2",823.741537977722
"1703","7","V1",1494.64150205052
"1704","265","V1",1885.08293208291
"1704","461","V4",507.990111915779
"1704","793","V3",803.896137267801
"1704","86","V2",1206.69606669569
"1704","961","V5",441.382703522212
"1705","190","V1",1216.1374226204
"1705","229","V4",1097.35949806941
"1705","51","V2",1158.66049397505
"1705","709","V5",1071.07855762292
"1705","733","V3",1139.47091866003
"1706","331","V1",1828.80884427494
"1706","432","V4",1363.80286802823
"1706","64","V2",1627.25199451762
"1706","70","V3",1424.28727756177
"1706","969","V5",1357.30578903493
"1707","190","V1",836.481694654823
"1707","226","V2",537.096761116658
"1707","424","V5",330.115113039177
"1707","51","V4",435.80861752316
"1707","709","V3",462.243767221616
"1708","166","V4",793.145186673435
"1708","182","V2",895.396709563376
"1708","225","V1",1044.64480295329
"1708","451","V3",800.11790211137
"1708","969","V5",759.549988946017
"1709","434","V2",712.742636614303
"1709","554","V1",782.264571113097
"1709","618","V3",703.509451893164
"1709","721","V5",695.737013207117
"1709","730","V4",702.049985102512
"1710","226","V5",214.386038306274
"1710","233","V1",347.511554035088
"1710","366","V2",270.425489289784
"1710","533","V3",231.342190676855
"1710","969","V4",225.775936877866
"1711","212","V1",1867.97365189579
"1711","234","V5",1803.15916710196
"1711","434","V2",1847.59649972109
"1711","602","V4",1803.64048530934
"1711","867","V3",1843.49917406537
"1712","186","V5",1341.7365142972
"1712","533","V3",1515.02518921022
"1712","562","V1",1834.21420943938
"1712","607","V2",1808.40633782164
"1712","879","V4",1389.41943807939
"1715","221","V5",1183.0415819556
"1715","310","V1",1297.28445552541
"1715","467","V2",1271.25173856142
"1715","792","V3",1249.93867456153
"1715","930","V4",1202.9741853716
"1717","328","V5",1845.16117456985
"1717","528","V3",1887.51453874915
"1717","542","V4",1882.0270703499
"1717","903","V2",2039.65803562867
"1717","972","V1",2042.55239542173
"1718","292","V1",1319.35652355305
"1718","466","V4",466.260024586656
"1718","544","V3",511.23131462476
"1718","641","V2",641.925145021465
"1718","970","V5",423.227543483974
"1719","432","V5",367.16067192545
"1719","56","V1",901.01466501354
"1719","64","V3",606.595050120225
"1719","70","V4",418.917595211112
"1719","748","V2",710.484021434036
"1720","173","V2",865.078941736714
"1720","203","V1",909.455899972609
"1720","428","V3",844.263413250766
"1720","715","V4",835.151481603526
"1720","989","V5",825.565755552898
"1721","157","V2",763.349003975154
"1721","163","V3",586.632170887592
"1721","227","V1",1470.0014465486
"1721","228","V4",197.538172728248
"1721","578","V5",185.948287629185
"1722","180","V3",262.073534776077
"1722","292","V2",432.236950967345
"1722","340","V1",952.765108131199
"1722","346","V4",253.749848424805
"1722","690","V5",243.884307947678
"1723","152","V5",137.744988123012
"1723","159","V1",222.674718823296
"1723","599","V3",147.406315284181
"1723","878","V4",145.414774539763
"1723","918","V2",179.275360230579
"1724","107","V4",337.607815149161
"1724","230","V2",399.240277645812
"1724","440","V3",355.955857952729
"1724","910","V1",491.194713822919
"1724","969","V5",294.603398291465
"1725","292","V4",802.947873152785
"1725","302","V3",860.334145542926
"1725","322","V5",554.283336461673
"1725","340","V2",956.851485985588
"1725","67","V1",2919.36708526357
"1726","465","V3",845.761248123338
"1726","528","V4",838.784116570753
"1726","542","V5",833.591542145485
"1726","903","V2",991.899696293513
"1726","972","V1",996.157875904176
"1727","154","V1",1565.12059194626
"1727","159","V2",1085.75840861722
"1727","220","V3",914.189321919625
"1727","758","V4",809.765433323132
"1727","910","V5",798.039135742342
"1728","1001","V2",838.234521102433
"1728","212","V5",680.963554924996
"1728","30","V3",806.585318483209
"1728","599","V1",866.554148606508
"1728","735","V4",709.355064480253
"1729","217","V1",506.364814126428
"1729","222","V3",367.799945025349
"1729","426","V4",328.449445844258
"1729","439","V2",388.866497677226
"1729","440","V5",307.315285388323
"1730","290","V5",687.246273062784
"1730","413","V4",708.452061121647
"1730","466","V1",1036.31130263036
"1730","526","V3",748.735739433434
"1730","532","V2",775.133025678384
"1731",NA,"V5",NA
"1731",NA,"V4",NA
"1731",NA,"V3",NA
"1731",NA,"V2",NA
"1731",NA,"V1",NA
"1732","154","V1",529.334256260303
"1732","222","V3",276.940110014923
"1732","433","V5",166.820655423415
"1732","616","V4",175.147889259859
"1732","748","V2",314.785801000679
"1733","705","V1",695.145480396881
"1733","779","V5",578.826703067822
"1733","842","V3",612.626984152106
"1733","854","V4",580.527793811773
"1733","856","V2",665.165137792456
"1734","191","V3",2131.83791704204
"1734","312","V5",2085.61124509847
"1734","317","V4",2093.32369386766
"1734","330","V1",2362.53605817504
"1734","352","V2",2136.4482701427
"1736","290","V3",1263.17023913624
"1736","683","V1",2112.06826815451
"1736","686","V5",717.835537280438
"1736","694","V2",1517.25547732255
"1736","728","V4",730.512780560744
"1737","107","V1",950.026173594511
"1737","32","V2",905.817784899518
"1737","407","V5",697.344490234214
"1737","450","V3",756.245191809582
"1737","603","V4",717.280112317972
"1740","188","V2",1065.07775756534
"1740","203","V4",1032.35342793505
"1740","416","V3",1064.23334893871
"1740","423","V5",1028.55180023028
"1740","433","V1",1073.95931082954
"1741","253","V5",575.091030626617
"1741","470","V2",695.803636578668
"1741","703","V3",628.294291851499
"1741","706","V4",583.049928918014
"1741","951","V1",764.850146186378
"1742","161","V4",1529.91699512366
"1742","290","V3",1531.73542517663
"1742","291","V1",1545.79246288448
"1742","674","V2",1534.43936903103
"1742","97","V5",1525.41745313011
"1743","470","V1",1913.25280830279
"1743","481","V4",1795.08793128207
"1743","540","V2",1811.10443659801
"1743","704","V5",1794.10051091136
"1743","823","V3",1804.76034788875
"1744","331","V3",70.4650262306001
"1744","371","V1",101.483047656408
"1744","499","V2",98.1577209665054
"1744","527","V5",34.3516011572431
"1744","618","V4",38.6144413645271
"1745","300","V1",320.395667175451
"1745","306","V5",259.804323230543
"1745","779","V4",275.309555926922
"1745","840","V3",290.610268556856
"1745","857","V2",315.410332019759
"1746","166","V5",935.243733724778
"1746","417","V4",956.07357346702
"1746","425","V3",958.473949073101
"1746","630","V1",1062.35401185987
"1746","851","V2",970.428775109565
"1747","173","V1",348.577717543891
"1747","236","V5",121.92427849826
"1747","433","V3",153.641185224603
"1747","440","V2",203.548190453295
"1747","857","V4",133.93234967722
"1748","541","V1",408.278161865864
"1748","722","V2",399.106454708866
"1748","834","V3",347.123373186583
"1748","835","V4",345.209459311384
"1748","961","V5",334.188617440705
"1749","157","V2",1677.50581091958
"1749","190","V5",1478.14213178971
"1749","226","V1",1710.63738219653
"1749","362","V3",1525.18213781451
"1749","982","V4",1481.64778412884
"1751","196","V4",157.912545397463
"1751","217","V5",149.162705917137
"1751","433","V1",223.801062595368
"1751","744","V2",178.929446348533
"1751","871","V3",178.596855737899
"1752","163","V3",1328.62928415705
"1752","331","V2",1760.88327092001
"1752","432","V5",1135.88749021589
"1752","64","V1",1778.21307430151
"1752","70","V4",1155.03989549825
"1753","161","V5",853.18661372826
"1753","290","V4",854.146847299329
"1753","291","V3",856.543734294671
"1753","518","V1",876.294002202032
"1753","674","V2",856.869097092658
"1754","174","V4",1098.14121617898
"1754","201","V2",1378.87218917327
"1754","220","V5",1075.53021061019
"1754","592","V1",2716.55314942839
"1754","724","V3",1191.70417382748
"1755","156","V5",223.931644749587
"1755","302","V3",240.965730965263
"1755","481","V4",237.259937058772
"1755","601","V1",261.677400683287
"1755","880","V2",243.124843941298
"1757","184","V5",271.960818079733
"1757","230","V3",317.237404523545
"1757","413","V1",355.584371496696
"1757","526","V2",346.77294412314
"1757","599","V4",279.012161232615
"1758",NA,"V1",NA
"1758",NA,"V3",NA
"1758",NA,"V4",NA
"1758",NA,"V2",NA
"1758",NA,"V5",NA
"1759","333","V2",3210.58064241804
"1759","378","V1",3643.22151855588
"1759","486","V3",3098.97782724157
"1759","487","V5",1591.4969095983
"1759","488","V4",1639.76401301663
"1760","107","V1",838.464649898795
"1760","32","V2",788.283095112199
"1760","407","V5",567.174287652589
"1760","450","V3",621.069158086016
"1760","603","V4",567.381952970551
"1761","197","V3",189.718535248463
"1761","631","V1",328.773164693772
"1761","744","V5",148.088044088019
"1761","840","V4",157.172226896557
"1761","857","V2",189.799338107315
"1762","230","V4",1472.12457325712
"1762","298","V1",1611.82552567
"1762","328","V5",1314.3893845118
"1762","360","V2",1571.54675712966
"1762","525","V3",1560.98207308056
"1764","196","V1",380.992914528204
"1764","205","V2",337.580677016062
"1764","211","V5",258.053598494486
"1764","629","V4",264.775345081807
"1764","709","V3",318.839037389953
"1765","178","V5",336.971722198488
"1765","292","V2",453.822564967845
"1765","518","V1",815.654472759681
"1765","735","V3",403.634435170924
"1765","868","V4",360.817998823648
"1766","173","V3",795.747653890405
"1766","257","V1",2385.87151262442
"1766","306","V4",757.47160133755
"1766","486","V2",809.039010244577
"1766","548","V5",752.435895804217
"1768","290","V4",1718.07241406321
"1768","413","V2",1741.41622556587
"1768","532","V1",1777.18269799312
"1768","674","V3",1720.70795601665
"1768","97","V5",1711.91426830063
"1769","283","V4",733.561142463421
"1769","352","V2",833.079027743857
"1769","542","V3",826.121824942004
"1769","674","V5",693.558441732666
"1769","903","V1",878.976215532538
"1770","288","V1",1684.86380856949
"1770","290","V2",932.512444361704
"1770","325","V5",551.700862124325
"1770","528","V4",760.157825645111
"1770","689","V3",786.2268970334
"1771","295","V3",653.506901777603
"1771","465","V4",566.825684348577
"1771","528","V5",558.44700086951
"1771","903","V2",712.312795454681
"1771","972","V1",757.434676953367
"1772","331","V2",3274.73836860794
"1772","432","V3",2724.13514846852
"1772","64","V1",3370.58946167508
"1772","70","V4",2709.78816482774
"1772","969","V5",2694.85644738034
"1773","265","V1",2832.39588025231
"1773","488","V4",887.954569042067
"1773","67","V3",1129.99415937359
"1773","86","V2",2126.28787470791
"1773","889","V5",843.033285311441
"1774","154","V5",276.845641933758
"1774","220","V4",284.268187419773
"1774","222","V2",314.004653469776
"1774","498","V3",297.700976655644
"1774","748","V1",384.610794318696
"1775","173","V3",438.360204409714
"1775","209","V2",473.35393742682
"1775","228","V4",384.317021584442
"1775","488","V1",988.553144957554
"1775","734","V5",368.426707644068
"1776","340","V2",1020.04674130456
"1776","360","V3",1000.7763173493
"1776","518","V1",1412.95199900994
"1776","669","V4",982.368355970733
"1776","674","V5",974.287701165679
"1777","1001","V4",1409.52568785973
"1777","173","V1",1780.74565437329
"1777","30","V3",1466.58081984367
"1777","441","V2",1475.60091003854
"1777","599","V5",1408.09687912533
"1778","228","V2",3406.16452176587
"1778","498","V1",8590.56382851148
"1778","526","V5",1688.35046896334
"1778","532","V4",1711.51536944655
"1778","535","V3",1794.15468484417
"1779","152","V1",545.751542488581
"1779","188","V2",513.287420471898
"1779","436","V5",448.950419656415
"1779","507","V4",487.224432788345
"1779","920","V3",493.334214570344
"1780","161","V2",2165.31381294123
"1780","484","V5",2118.23024992737
"1780","674","V1",2168.34969758479
"1780","690","V4",2129.63813679372
"1780","97","V3",2159.1646092542
"1781","154","V2",215.056504830339
"1781","412","V5",189.365698413636
"1781","425","V4",200.982841045297
"1781","840","V3",208.549996139243
"1781","857","V1",229.933501161717
"1782","12","V4",123.743393046682
"1782","197","V3",153.556212744686
"1782","267","V2",158.806009834577
"1782","28","V5",105.727988025405
"1782","631","V1",284.737528625567
"1783",NA,"V3",NA
"1783",NA,"V1",NA
"1783",NA,"V2",NA
"1783",NA,"V4",NA
"1783",NA,"V5",NA
"1784","344","V4",1123.97528486387
"1784","377","V2",1193.72826474616
"1784","405","V3",1170.78345178014
"1784","537","V5",1063.52236343598
"1784","704","V1",1298.7491021934
"1785","195","V3",2486.47925007582
"1785","217","V2",2515.75751997361
"1785","222","V4",2351.76771038068
"1785","426","V5",2309.0932847028
"1785","859","V1",2588.46634913688
"1786","239","V1",704.371589673872
"1786","251","V2",658.62059909509
"1786","262","V3",459.879362032472
"1786","332","V4",454.333435014796
"1786","459","V5",453.751314262102
"1787","278","V3",608.249604845601
"1787","510","V5",577.183698499413
"1787","705","V1",971.16909620271
"1787","846","V4",584.414527124839
"1787","875","V2",668.973204209679
"1788","298","V3",931.406886524703
"1788","308","V1",955.771911358231
"1788","352","V5",867.476859082873
"1788","465","V4",928.999266630746
"1788","689","V2",938.986327618985
"1789","166","V3",1127.7376375815
"1789","229","V4",1121.18449618252
"1789","439","V5",1114.77801065745
"1789","630","V1",1187.76298806484
"1789","77","V2",1183.67065630963
"1790","298","V2",758.920162396561
"1790","344","V5",635.217346911975
"1790","465","V1",776.350099348307
"1790","585","V4",718.691205317881
"1790","718","V3",742.53732184288
"1791","251","V1",968.998477641856
"1791","262","V2",816.295956570089
"1791","360","V3",802.538449059292
"1791","468","V4",755.7628716251
"1791","69","V5",734.233708346258
"1792","157","V1",992.982756897695
"1792","190","V5",682.511926388629
"1792","226","V3",875.308842222335
"1792","554","V4",686.968923663574
"1792","733","V2",963.625209128355
"1793","152","V4",967.610275399838
"1793","202","V1",991.367292785128
"1793","772","V3",971.385275673381
"1793","778","V2",974.113719829096
"1793","920","V5",960.009854197861
"1794","207","V2",591.443614982076
"1794","225","V5",408.092494319131
"1794","226","V1",610.88644077061
"1794","227","V4",408.784929853834
"1794","45","V3",536.882959428319
"1795","356","V4",413.417690770841
"1795","360","V3",455.528857183511
"1795","618","V2",515.177183112457
"1795","679","V5",412.484369911271
"1795","779","V1",1077.58238639959
"1796","234","V2",641.450502064356
"1796","466","V5",603.780430950474
"1796","7","V1",651.16452153181
"1796","959","V3",624.276028009992
"1796","970","V4",616.462293476695
"1797","159","V1",995.110568709827
"1797","220","V2",811.370299020536
"1797","436","V5",631.800590553844
"1797","758","V3",680.787421087314
"1797","910","V4",674.344992635718
"1798","153","V2",563.771307854765
"1798","441","V1",590.075194101558
"1798","518","V4",370.662359555739
"1798","599","V3",508.73817503914
"1798","735","V5",313.440225518168
"1799","265","V1",2535.24619649562
"1799","465","V4",1133.93277595328
"1799","67","V3",1243.20032527969
"1799","718","V5",1119.71578975466
"1799","86","V2",2047.02648419543
"1800","293","V3",569.892989638431
"1800","362","V4",319.570384349982
"1800","461","V5",265.578966304498
"1800","689","V1",1129.02367783045
"1800","690","V2",634.819909296947
"1801","154","V3",406.684867636153
"1801","56","V1",615.007712109236
"1801","599","V4",396.880574191072
"1801","64","V5",389.857333178395
"1801","70","V2",489.11993640398
"1802","173","V4",659.591189318637
"1802","222","V2",675.37848643791
"1802","230","V1",729.723843598515
"1802","618","V5",645.734371960986
"1802","629","V3",673.376580328892
"1803","257","V2",2232.79377847379
"1803","292","V1",4491.66108816787
"1803","295","V5",540.192188318992
"1803","466","V4",891.612314898134
"1803","55","V3",924.26123119743
"1804","159","V3",307.367134754631
"1804","183","V4",280.584501201155
"1804","292","V2",320.730438678104
"1804","689","V1",333.372665376632
"1804","886","V5",274.995933456955
"1805","226","V1",1134.47124276564
"1805","424","V4",923.090399653836
"1805","51","V3",1034.29204924814
"1805","534","V5",922.434713950394
"1805","709","V2",1054.9579098583
"1806","103","V5",1164.56596480551
"1806","228","V2",1394.84146621802
"1806","246","V4",1178.45124328704
"1806","383","V3",1242.69298158672
"1806","504","V1",1428.66724284423
"1807","236","V5",106.971011789489
"1807","433","V2",145.321298312437
"1807","440","V1",148.3897293852
"1807","618","V4",129.253711340865
"1807","871","V3",142.986672303798
"1808","388","V2",975.059888309484
"1808","400","V1",1005.69193048352
"1808","409","V4",812.752130790613
"1808","466","V3",829.028809044227
"1808","523","V5",805.728490827534
"1809","289","V1",1194.46965730065
"1809","440","V3",787.46339479511
"1809","500","V2",808.347260239726
"1809","540","V4",737.021797395026
"1809","961","V5",707.751775072071
"1810","290","V1",3475.32441656135
"1810","331","V2",2865.35090172469
"1810","464","V4",2605.42594537525
"1810","528","V5",2552.73097065817
"1810","689","V3",2680.26988732309
"1811","190","V2",3445.90821490695
"1811","191","V5",2967.20888643324
"1811","314","V1",3568.80946149088
"1811","330","V3",3241.40820699976
"1811","55","V4",2976.04115249335
"1813","173","V3",1098.25831394053
"1813","308","V2",1167.93379007896
"1813","320","V4",1078.19919280486
"1813","488","V5",1009.34791740841
"1813","498","V1",1249.94942519359
"1814","220","V2",695.617091945826
"1814","230","V5",648.32843116719
"1814","366","V3",688.549316904565
"1814","412","V1",925.631624618523
"1814","924","V4",654.110697221357
"1815","425","V4",554.430660508617
"1815","441","V2",573.901985465269
"1815","629","V5",540.40149407423
"1815","709","V3",567.539636904467
"1815","733","V1",660.979629473489
"1816","154","V3",309.250490987541
"1816","206","V4",294.114796315514
"1816","207","V5",290.761976466766
"1816","578","V1",384.659792629759
"1816","610","V2",326.964577902907
"1817","107","V2",1060.76725096125
"1817","547","V3",874.656256909382
"1817","691","V5",861.958711415971
"1817","858","V4",863.995964471712
"1817","910","V1",1153.89937938901
"1818","196","V1",44.5349585287139
"1818","444","V3",26.1018397035394
"1818","752","V4",19.5209726899373
"1818","858","V2",43.8261053136726
"1818","977","V5",13.187319357393
"1819","220","V5",294.179823004574
"1819","265","V1",972.026639139171
"1819","86","V2",770.953241543894
"1819","889","V3",405.529881033
"1819","961","V4",351.955902978482
"1820","182","V5",847.544318880468
"1820","498","V3",964.697055240273
"1820","538","V4",895.356439157068
"1820","542","V2",967.711089729586
"1820","972","V1",1130.04548081496
"1821","296","V4",577.226659832785
"1821","456","V5",567.964575569937
"1821","465","V1",702.518862288313
"1821","542","V3",581.826809207034
"1821","908","V2",603.097890766611
"1822","207","V1",592.520507307547
"1822","220","V4",173.641405036294
"1822","225","V3",245.829930282902
"1822","226","V2",519.702234701321
"1822","982","V5",131.653409385419
"1823","207","V3",748.155909877514
"1823","228","V1",3004.74478721446
"1823","403","V5",655.48432184021
"1823","424","V4",735.489692056747
"1823","704","V2",1978.56429954354
"1824","226","V2",606.532721978439
"1824","51","V4",510.023022950502
"1824","534","V5",392.157566239769
"1824","709","V3",538.84292673185
"1824","733","V1",659.328544358171
"1825","470","V2",797.806175591022
"1825","481","V5",208.955115876965
"1825","682","V3",534.595999597974
"1825","683","V1",816.102178749974
"1825","823","V4",268.100848385419
"1826","191","V4",860.038113088399
"1826","223","V2",1640.80594901491
"1826","544","V3",1385.00942748758
"1826","618","V5",747.66440801307
"1826","704","V1",1964.04319494806
"1827","209","V2",745.034082984574
"1827","230","V1",779.245474309872
"1827","324","V3",737.323801429487
"1827","499","V5",709.74525129315
"1827","537","V4",724.178849520393
"1828","465","V3",1131.62123225627
"1828","528","V4",1118.66049712666
"1828","542","V5",1115.7927301546
"1828","903","V1",1275.21643160862
"1828","972","V2",1269.79289055329
"1829","173","V2",1959.34654731944
"1829","310","V3",1864.97540011785
"1829","464","V1",2063.60982147745
"1829","467","V4",1838.26851676978
"1829","792","V5",1816.4035107152
"1830","152","V5",2616.90671018906
"1830","202","V3",2653.25457382807
"1830","229","V4",2635.27536147976
"1830","453","V2",2743.77955195706
"1830","615","V1",2788.98974151076
"1831","159","V2",1109.71038545183
"1831","370","V4",1033.55202565926
"1831","506","V5",1021.42618685974
"1831","599","V1",1205.18691446147
"1831","998","V3",1067.80679213316
"1832","697","V4",2831.7166254782
"1832","733","V1",3071.91177967194
"1832","868","V2",2892.40506659617
"1832","961","V5",2827.89919011111
"1832","982","V3",2836.99389892719
"1833","157","V3",4071.25358623185
"1833","300","V1",5582.36769855182
"1833","306","V4",3860.22036205074
"1833","466","V2",4209.87172628556
"1833","475","V5",3153.62805382223
"1834","299","V3",554.292296466262
"1834","304","V4",534.304779593661
"1834","375","V2",1454.62895837804
"1834","456","V1",1611.19339485693
"1834","704","V5",393.583408652877
"1835","1001","V4",610.860309846318
"1835","172","V5",490.182788329255
"1835","173","V1",1074.71042243733
"1835","30","V3",699.685962847397
"1835","599","V2",703.910826158167
"1836","366","V1",108.926149004285
"1836","437","V5",45.1221037333403
"1836","440","V2",78.5760600596612
"1836","629","V3",69.9266176915238
"1836","857","V4",63.7203820059464
"1838","157","V5",639.766122566744
"1838","389","V3",704.539017006812
"1838","412","V1",802.735943470403
"1838","70","V4",672.337557984311
"1838","727","V2",729.784133509933
"1839","188","V1",896.235914285283
"1839","190","V5",422.073796420103
"1839","25","V3",483.40324968779
"1839","812","V4",467.945602429945
"1839","936","V2",714.899764556174
"1840","203","V4",497.39995516653
"1840","230","V1",643.169280025535
"1840","733","V2",614.389428625643
"1840","767","V3",517.668779293913
"1840","944","V5",460.033546385539
"1841","517","V1",470.272089507844
"1841","842","V5",300.610279915833
"1841","843","V2",449.912637611043
"1841","854","V3",332.15082388708
"1841","918","V4",325.707422045761
"1842","190","V1",890.672467277059
"1842","226","V3",611.154901595871
"1842","51","V5",497.562990149231
"1842","709","V4",523.101971739858
"1842","733","V2",668.655789201517
"1844","159","V2",1031.08420467372
"1844","416","V4",880.401341469179
"1844","58","V5",847.076593801043
"1844","599","V1",1079.07216777752
"1844","998","V3",902.397859439927
"1845","533","V3",870.698624275497
"1845","562","V2",933.473817642945
"1845","857","V5",795.816022442458
"1845","868","V1",1393.31034649736
"1845","982","V4",870.461553709609
"1846","190","V1",1429.03700057401
"1846","226","V2",1130.19398703692
"1846","424","V5",930.563010713129
"1846","51","V4",1036.0862602995
"1846","709","V3",1059.94300985767
"1847",NA,"V1",NA
"1847",NA,"V4",NA
"1847",NA,"V5",NA
"1847",NA,"V3",NA
"1847",NA,"V2",NA
"1848","199","V5",794.109336901647
"1848","434","V4",816.717575832921
"1848","602","V3",824.397616240669
"1848","714","V2",828.245856109501
"1848","932","V1",849.382837969485
"1850","350","V5",785.051276699233
"1850","455","V2",800.701244553717
"1850","476","V1",834.513598132726
"1850","544","V4",792.193338523018
"1850","97","V3",792.311470960167
"1851","191","V2",2395.63790871699
"1851","306","V5",1345.36154731388
"1851","472","V4",1470.8451969954
"1851","498","V1",2638.96277107576
"1851","65","V3",1724.03976125473
"1852","157","V2",432.618408392197
"1852","299","V3",348.722343313084
"1852","325","V1",499.081514215944
"1852","686","V4",345.888995513429
"1852","857","V5",338.541472487292
"1853","107","V4",639.842145855831
"1853","207","V3",665.910660017245
"1853","227","V1",676.057080014971
"1853","70","V2",669.319616713732
"1853","867","V5",634.735386017037
"1854","245","V3",400.087308268993
"1854","366","V2",462.991724871131
"1854","412","V4",210.026330431117
"1854","617","V1",476.172390873674
"1854","709","V5",186.926632481541
"1855","1","V4",227.947368421053
"1855","2","V5",227.947368421053
"1855","544","V1",429.657219007626
"1855","681","V3",236.457345703109
"1855","859","V2",237.119735140701
"1856","295","V4",888.640203006223
"1856","310","V1",1321.00466029884
"1856","329","V5",778.226639489008
"1856","468","V3",1110.43526245759
"1856","89","V2",1191.69389232467
"1857","236","V2",526.439847802605
"1857","408","V1",645.895048275429
"1857","440","V3",511.566601284798
"1857","748","V4",508.924514152713
"1857","96","V5",505.704007409002
"1858",NA,"V5",NA
"1858",NA,"V1",NA
"1858",NA,"V4",NA
"1858",NA,"V3",NA
"1858",NA,"V2",NA
"1859","190","V4",217.536562838532
"1859","222","V2",248.182010419642
"1859","225","V5",186.051237924375
"1859","631","V1",277.957729056168
"1859","748","V3",244.750523665556
"1860","25","V3",1072.47399403897
"1860","506","V2",1087.65253985892
"1860","934","V5",1035.70923145953
"1860","936","V1",1143.40605763703
"1860","954","V4",1061.64299959185
"1861","173","V1",734.15880149665
"1861","203","V2",660.99658454214
"1861","420","V3",579.882568463077
"1861","609","V4",575.1900261199
"1861","842","V5",527.650940443783
"1862","190","V3",855.7331652676
"1862","412","V4",733.164583493992
"1862","424","V5",728.901779859405
"1862","443","V1",897.109198059431
"1862","986","V2",892.029236328455
"1863","265","V3",1357.75269318342
"1863","310","V4",1089.94515218621
"1863","55","V2",2880.1828636512
"1863","67","V1",3880.50158227633
"1863","71","V5",964.349009629404
"1864","176","V2",91.4300438981793
"1864","212","V5",69.6109862892701
"1864","533","V3",87.7415485051826
"1864","630","V4",78.0873017051045
"1864","706","V1",139.071492767349
"1865","366","V4",1168.75371399559
"1865","816","V1",1428.0371426115
"1865","843","V2",1347.48150791804
"1865","846","V3",1175.25821772078
"1865","9","V5",1167.47023749388
"1866","1001","V3",2703.00851106846
"1866","159","V1",3042.04424844402
"1866","511","V2",2755.37043621198
"1866","77","V4",2651.5718237966
"1866","993","V5",2156.49337757743
"1867","172","V5",1068.84177933241
"1867","504","V2",1168.12847660108
"1867","857","V4",1094.96434932291
"1867","871","V3",1140.84708797079
"1867","898","V1",1214.74172918517
"1868","188","V3",1487.87067702001
"1868","841","V4",1430.16715151148
"1868","936","V2",1511.35789222463
"1868","942","V1",1895.27614054006
"1868","957","V5",1316.49881038184
"1869","291","V5",988.419664635181
"1869","294","V1",1742.5979489827
"1869","309","V2",1070.14197739113
"1869","317","V4",1021.4947045094
"1869","465","V3",1047.51914089017
"1871","173","V3",349.329181434289
"1871","299","V2",415.02384204928
"1871","306","V4",336.017750780322
"1871","528","V5",323.071778556144
"1871","972","V1",630.502161396494
"1872","324","V2",2109.42294241609
"1872","439","V4",2040.31363649954
"1872","45","V1",2230.14162657503
"1872","518","V3",2057.97767313525
"1872","968","V5",2031.50698433277
"1873","285","V4",631.117094917065
"1873","308","V3",648.61965718996
"1873","324","V5",587.894614096633
"1873","465","V2",657.547772917601
"1873","523","V1",675.263076741258
"1874","154","V4",308.699121186382
"1874","250","V1",327.71533352628
"1874","565","V3",313.268250586946
"1874","581","V2",325.123815687981
"1874","728","V5",297.451273413466
"1875","209","V1",1077.46486132168
"1875","439","V4",826.670479641858
"1875","440","V5",817.537277398519
"1875","816","V3",934.78277454551
"1875","859","V2",1042.19737411166
"1877","154","V4",273.370285969
"1877","229","V2",341.810223050882
"1877","439","V5",270.07436958617
"1877","453","V1",390.792495129815
"1877","537","V3",339.467872514999
"1879","159","V1",1000.15866497588
"1879","229","V4",748.036530622653
"1879","65","V2",777.485189731048
"1879","758","V5",723.962420056821
"1879","918","V3",770.363866410357
"1880","307","V2",1646.97503995293
"1880","403","V1",1829.55782269276
"1880","412","V4",1558.26264562914
"1880","430","V5",1551.07077790219
"1880","523","V3",1576.38555216334
"1881","292","V1",872.43672026761
"1881","295","V4",592.563032154475
"1881","308","V2",678.197842333774
"1881","349","V3",616.186443166221
"1881","969","V5",559.969496716703
"1882","227","V5",759.116257641621
"1882","241","V4",830.370394912431
"1882","279","V1",2218.43324597093
"1882","285","V2",1064.44501102498
"1882","907","V3",971.621760308482
"1883","228","V1",1422.88450007673
"1883","429","V3",1250.61192977723
"1883","860","V2",1300.03388826291
"1883","878","V4",1179.36130979135
"1883","965","V5",1125.79348635572
"1885","159","V4",257.215502782075
"1885","162","V3",309.886475714786
"1885","390","V2",313.983341665131
"1885","416","V1",366.746025155509
"1885","717","V5",247.064415199186
"1887","181","V4",343.391697271068
"1887","506","V3",367.000576724905
"1887","517","V5",341.49070181637
"1887","705","V2",379.135929169683
"1887","843","V1",428.485178228848
"1888","705","V1",897.689627784024
"1888","854","V4",714.117365496567
"1888","856","V2",845.357584100037
"1888","875","V5",617.862985863943
"1888","982","V3",814.381895754365
"1889","152","V5",1592.03511210066
"1889","186","V2",1640.54593491808
"1889","614","V1",2255.96564090934
"1889","712","V4",1601.6616146702
"1889","879","V3",1627.90909941092
"1890","300","V3",1019.3536701418
"1890","89","V4",816.54096275551
"1890","923","V2",1656.03459946238
"1890","928","V5",812.774451132318
"1890","952","V1",1866.51293833659
"1891","250","V1",200.071018319605
"1891","565","V3",185.404213895517
"1891","580","V5",162.323537340995
"1891","581","V2",197.44008683984
"1891","728","V4",169.346680914096
"1892","344","V2",474.79245252916
"1892","362","V5",309.345770333005
"1892","7","V4",317.989532714434
"1892","704","V1",756.231568729851
"1892","89","V3",334.126664303897
"1893",NA,"V1",NA
"1893",NA,"V3",NA
"1893",NA,"V4",NA
"1893",NA,"V5",NA
"1893",NA,"V2",NA
"1894","230","V1",1251.30445188521
"1894","476","V4",862.731604698541
"1894","55","V3",868.180702574811
"1894","708","V5",857.457047596317
"1894","972","V2",1099.28525566887
"1895","190","V1",1928.61513131472
"1895","294","V3",1507.87592219697
"1895","330","V2",1743.58364620153
"1895","352","V4",1457.33141535034
"1895","930","V5",1437.78063585426
"1896","470","V2",1269.64040192118
"1896","517","V5",754.852586182874
"1896","682","V4",889.301705613685
"1896","683","V3",1155.20218466333
"1896","816","V1",1718.51723043498
"1897","227","V1",1369.66489238443
"1897","292","V3",1059.26443544836
"1897","294","V5",938.588990424168
"1897","302","V2",1083.26807853972
"1897","323","V4",1022.54650400005
"1898","191","V2",3669.01454325891
"1898","472","V5",2834.99206031899
"1898","498","V1",3903.21985374431
"1898","681","V4",3448.35356002937
"1898","793","V3",3582.40014086186
"1899","157","V3",3136.47901415703
"1899","161","V1",3570.53115869734
"1899","461","V5",2635.00575416197
"1899","466","V4",3048.63376740259
"1899","475","V2",3397.74340048707
"1900","1001","V2",1507.81597778281
"1900","167","V5",644.618770565177
"1900","511","V1",1648.03222328587
"1900","77","V3",1436.57830870394
"1900","999","V4",692.844409897694
"1902","230","V5",1313.10425632279
"1902","466","V2",1382.71138648182
"1902","518","V1",1778.92669008737
"1902","544","V3",1380.29890305441
"1902","970","V4",1324.0760120647
"1903","296","V2",1000.74941729172
"1903","328","V4",722.162850925104
"1903","349","V1",1238.31340047594
"1903","543","V3",890.366366121686
"1903","915","V5",718.712684640958
"1904","198","V2",1396.70424642545
"1904","217","V3",1270.05322016274
"1904","220","V4",938.876343392985
"1904","418","V1",1429.56805786048
"1904","707","V5",885.879187559042
"1905","166","V5",13489.8974676228
"1905","190","V3",13555.3402024083
"1905","238","V4",13512.6376709006
"1905","851","V1",13699.2889260801
"1905","969","V2",13615.5639047257
"1906","207","V2",948.945623025373
"1906","403","V3",776.863763353077
"1906","412","V1",1791.34512974068
"1906","45","V4",740.049437247436
"1906","701","V5",727.150146911096
"1907","120","V5",223.635718523077
"1907","225","V1",513.659353781465
"1907","433","V4",225.671362907547
"1907","51","V2",275.467857303721
"1907","782","V3",226.266584557298
"1908","180","V4",1054.12541699723
"1908","294","V2",1079.37731748741
"1908","340","V1",1728.06218993007
"1908","346","V5",1045.53625860441
"1908","485","V3",1061.92066429793
"1909","318","V2",3484.37461650941
"1909","349","V4",3361.77210832213
"1909","375","V1",3490.35972007101
"1909","466","V3",3439.75430310533
"1909","708","V5",3356.47885882266
"1910","221","V4",2380.23920548695
"1910","302","V1",2489.20299856816
"1910","310","V2",2450.0863287007
"1910","467","V3",2449.53938003603
"1910","526","V5",2380.18369300543
"1911","199","V1",1185.99939115832
"1911","203","V4",1108.94260044041
"1911","429","V2",1141.81609832355
"1911","542","V3",1122.53794937496
"1911","720","V5",1095.8301841394
"1912","249","V4",685.702121135896
"1912","683","V1",744.483014700298
"1912","811","V3",689.623842986301
"1912","834","V5",679.545303124274
"1912","835","V2",696.045494064409
"1914","152","V4",1035.75556993051
"1914","533","V3",1129.0422736182
"1914","607","V2",1467.43469089091
"1914","614","V1",1622.26899361153
"1914","879","V5",935.758579170307
"1915","173","V5",412.229372011588
"1915","322","V4",422.814375178231
"1915","64","V3",591.194688403123
"1915","689","V1",1261.01175733791
"1915","690","V2",738.362189228414
"1917","265","V1",2113.88860995427
"1917","291","V4",1122.77098846501
"1917","305","V3",1229.41952868006
"1917","86","V2",1591.10315317383
"1917","889","V5",641.01218774711
"1918","429","V4",352.180743491666
"1918","436","V2",362.891950145437
"1918","499","V1",473.023949967851
"1918","533","V3",360.518519231016
"1918","709","V5",320.12148137829
"1919","173","V5",300.051629426436
"1919","209","V2",348.956866625221
"1919","377","V4",306.973895612316
"1919","533","V3",316.830077298019
"1919","540","V1",439.441601330508
"1920","290","V2",1250.32004600746
"1920","548","V4",628.738177945478
"1920","686","V5",625.176442273322
"1920","694","V1",1525.97937332038
"1920","728","V3",651.131008725233
"1921","227","V1",2645.81659286693
"1921","278","V5",2319.39812854505
"1921","294","V3",2388.45710896008
"1921","302","V2",2473.66627962106
"1921","527","V4",2328.07100737314
"1922","183","V4",162.486800469227
"1922","292","V3",199.242876246838
"1922","425","V1",208.799799353756
"1922","689","V2",204.972090337874
"1922","886","V5",157.3701228574
"1923","201","V2",1448.70936501255
"1923","592","V1",2785.33783606738
"1923","724","V5",1314.53933563634
"1923","917","V3",1395.18605975682
"1923","918","V4",1317.89247956094
"1924","307","V4",6421.70911826327
"1924","403","V2",6617.54467822625
"1924","523","V5",6353.4525612621
"1924","679","V3",6604.8879229269
"1924","704","V1",8199.7136038137
"1925","288","V1",2313.67521568285
"1925","290","V3",980.989085630671
"1925","306","V2",1620.97217203279
"1925","528","V5",728.769678007418
"1925","689","V4",766.918500428325
"1926","51","V1",3796.03325579526
"1926","52","V2",3610.37241016508
"1926","55","V3",2838.93769679212
"1926","56","V4",2700.25727405693
"1926","57","V5",2056.87841201676
"1928","298","V4",1108.96965039153
"1928","344","V5",1026.06149692735
"1928","465","V2",1149.5636301803
"1928","585","V3",1130.45555875525
"1928","718","V1",1189.88108593768
"1929","197","V3",1380.87660777242
"1929","203","V4",1365.59950781831
"1929","533","V1",1656.10763583007
"1929","712","V5",1356.46259034737
"1929","879","V2",1578.7517465087
"1930","199","V4",1710.12886597938
"1930","416","V1",3545.63636363636
"1930","441","V2",2126.42105263158
"1930","59","V5",1477.65294117647
"1930","717","V3",2032.5
"1931","173","V1",353.215753672098
"1931","220","V3",183.539722639889
"1931","356","V4",130.835839688147
"1931","517","V5",121.875713677642
"1931","706","V2",206.643900916288
"1933","245","V4",109.623167548011
"1933","250","V1",147.934812926531
"1933","419","V5",103.332999573288
"1933","554","V2",140.109594741354
"1933","734","V3",111.03741780417
"1934","230","V4",488.074623926871
"1934","292","V2",580.825895132968
"1934","349","V5",436.501796157988
"1934","465","V1",649.886096030962
"1934","55","V3",489.420126579551
"1935","307","V3",1179.11292672105
"1935","403","V1",1370.36956662557
"1935","412","V5",1096.60388472364
"1935","523","V4",1112.60474968473
"1935","679","V2",1357.59963781695
"1936","276","V5",1017.28305015727
"1936","428","V1",1171.81383227482
"1936","443","V2",1164.97734712925
"1936","615","V4",1068.81327537723
"1936","986","V3",1161.81158243459
"1937","214","V4",4433.75756848539
"1937","307","V3",4448.20039977697
"1937","403","V2",4686.58533641077
"1937","429","V5",4427.37623938408
"1937","704","V1",6277.65556583259
"1938","215","V5",1361.21287122056
"1938","439","V4",1376.42498760778
"1938","609","V3",1454.88367761855
"1938","726","V1",1505.53054262863
"1938","851","V2",1470.39355514598
"1939","196","V2",750.135242070854
"1939","226","V3",744.842772187803
"1939","445","V5",564.957126199411
"1939","705","V4",628.337827877332
"1939","733","V1",757.501252961387
"1941","230","V4",465.525808420743
"1941","344","V2",598.392626173381
"1941","45","V3",530.115564062596
"1941","471","V1",834.176949762018
"1941","499","V5",336.758463805045
"1942","173","V1",14076.1733468827
"1942","30","V3",13817.0999590963
"1942","441","V2",13831.750531937
"1942","511","V5",13663.8326871991
"1942","599","V4",13755.6986229654
"1944","152","V4",835.830808784948
"1944","533","V3",874.26650176016
"1944","562","V1",1358.04279418842
"1944","607","V2",1270.12305482396
"1944","879","V5",808.808202304241
"1946","306","V5",870.819576118657
"1946","461","V1",9704.41339818682
"1946","544","V3",898.183021039368
"1946","681","V4",874.603436844758
"1946","89","V2",1143.29804635591
"1947","199","V4",375.410744719838
"1947","416","V1",491.008774847378
"1947","437","V5",352.787606600801
"1947","441","V3",407.700734699217
"1947","962","V2",457.10062281415
"1948","209","V2",795.029047716426
"1948","288","V5",383.303794544624
"1948","403","V3",751.265373070915
"1948","65","V1",878.358298216472
"1948","88","V4",585.020674280342
"1949","190","V3",2433.6557543879
"1949","412","V4",2307.97217448318
"1949","443","V1",2459.66095101661
"1949","470","V5",2235.76848902832
"1949","986","V2",2454.7455941515
"1950","107","V1",1109.91071101676
"1950","32","V2",1061.6565902295
"1950","36","V5",836.146181098416
"1950","407","V4",844.887021922304
"1950","603","V3",864.357855819536
"1951","207","V5",1200.04839123508
"1951","223","V2",1591.88968229565
"1951","544","V3",1396.39620535646
"1951","704","V1",1979.10984763815
"1951","757","V4",1307.6528658002
"1952","190","V1",879.244944043301
"1952","226","V3",599.286290115108
"1952","51","V5",472.828128863251
"1952","709","V4",502.598523856496
"1952","733","V2",617.662671970024
"1954","308","V4",1182.17148361369
"1954","461","V1",10855.3860932944
"1954","498","V3",1261.81862318957
"1954","681","V5",1152.781245912
"1954","89","V2",1536.00270060884
"1955","412","V1",444.430691203198
"1955","439","V3",147.092057420858
"1955","706","V4",144.932543115336
"1955","917","V5",136.705718946031
"1955","924","V2",222.070292926665
"1956","229","V3",1388.31744194365
"1956","599","V4",1247.29997984169
"1956","66","V5",1239.297079964
"1956","909","V1",1639.19639386305
"1956","959","V2",1510.90243656664
"1957","207","V1",870.151530829887
"1957","230","V5",657.569962385989
"1957","377","V4",658.890517310233
"1957","439","V2",667.786140063935
"1957","533","V3",667.246192874783
"1958","154","V1",1863.19721141765
"1958","195","V5",335.460966751798
"1958","217","V3",404.329409585387
"1958","440","V2",746.777388025552
"1958","859","V4",381.99840280236
"1959","290","V3",585.92240281556
"1959","423","V2",586.131776490457
"1959","674","V1",588.609848883135
"1959","788","V5",555.767285596888
"1959","97","V4",579.642979112347
"1961","207","V4",4934.61904808671
"1961","229","V3",4953.50728880861
"1961","366","V2",4990.58579269878
"1961","544","V1",5086.26987040276
"1961","698","V5",4931.00570435814
"1962","166","V4",590.909265804297
"1962","190","V3",631.961619920673
"1962","238","V5",586.5491507921
"1962","88","V1",923.546458706092
"1962","969","V2",666.688952498837
"1963","207","V4",1230.76865981399
"1963","329","V2",1289.71974029141
"1963","366","V3",1285.1036277634
"1963","538","V5",1228.16819789109
"1963","544","V1",1414.67413820602
"1964","203","V3",897.712075860698
"1964","427","V4",877.532496755887
"1964","683","V5",858.243520308495
"1964","716","V1",1144.28567185883
"1964","720","V2",940.882614931816
"1965","230","V3",437.42559649417
"1965","412","V5",422.511240786163
"1965","689","V1",451.189959499864
"1965","715","V4",424.088256308614
"1965","918","V2",448.914688434959
"1966","203","V3",786.813208245863
"1966","422","V5",741.048879614162
"1966","863","V4",785.785928825945
"1966","89","V1",861.064825525151
"1966","961","V2",805.618312991178
"1968","152","V1",991.513711015329
"1968","383","V4",795.632523408329
"1968","705","V5",744.404332826924
"1968","808","V2",826.456474527811
"1968","920","V3",814.688229951434
"1969","227","V1",826.528744145035
"1969","239","V5",720.835368478212
"1969","302","V4",723.233649628647
"1969","312","V3",797.74004320118
"1969","322","V2",809.724669679421
"1971","370","V4",2974.51285591341
"1971","710","V2",3018.02564480216
"1971","841","V3",3004.0893108797
"1971","940","V1",3076.80782067475
"1971","982","V5",2959.31859914642
"1972","578","V1",237.317340869361
"1972","605","V2",218.500819951956
"1972","610","V3",180.151325532596
"1972","744","V5",175.415778588934
"1972","769","V4",179.454938143877
"1973","318","V1",2010.18869605041
"1973","329","V3",1793.05956761568
"1973","525","V5",1709.98093839252
"1973","727","V2",1795.45726474272
"1973","913","V4",1720.91508485346
"1974","159","V3",621.865977534628
"1974","497","V4",590.838014059242
"1974","540","V2",633.318659133216
"1974","599","V1",656.235331063201
"1974","998","V5",585.218869540392
"1975","220","V1",484.609192055521
"1975","440","V2",453.351571768935
"1975","606","V5",413.949275944206
"1975","920","V3",443.908635188702
"1975","947","V4",417.352579799232
"1976","533","V4",1224.08763424704
"1976","562","V2",1569.01172470707
"1976","607","V3",1504.82273640784
"1976","614","V1",1675.87055596391
"1976","879","V5",1094.73373031143
"1977","231","V4",725.528847415344
"1977","246","V1",819.177816879384
"1977","70","V2",784.899035396486
"1977","858","V5",688.246761520676
"1977","981","V3",774.750124723007
"1978","174","V3",891.07778534198
"1978","201","V2",1106.9608161152
"1978","517","V4",868.34199204955
"1978","592","V1",2135.64182280044
"1978","957","V5",847.41931606419
"1979","265","V1",2306.60399386312
"1979","294","V5",783.951440916955
"1979","299","V3",1025.75350272837
"1979","86","V2",1827.35321495528
"1979","961","V4",823.949520675972
"1980","230","V5",145.527887601194
"1980","562","V3",265.186046916451
"1980","707","V2",546.362509239694
"1980","735","V4",189.976612869227
"1980","868","V1",833.340672806591
"1981","229","V1",546.746999118462
"1981","501","V4",395.317144578949
"1981","722","V3",400.686596477074
"1981","77","V2",484.256134380159
"1981","982","V5",385.110557002391
"1982","412","V1",491.414254769521
"1982","464","V2",416.057537839374
"1982","779","V5",329.329058207636
"1982","813","V4",356.440303846627
"1982","832","V3",372.525545796672
"1983","157","V1",9496.01694299068
"1983","161","V2",9330.39996046462
"1983","329","V5",6739.43896819623
"1983","461","V4",7473.79535104884
"1983","475","V3",8601.13751597052
"1984","190","V3",1619.97695338035
"1984","288","V5",1557.15556701538
"1984","481","V2",1742.51556703589
"1984","486","V1",1838.86653629655
"1984","898","V4",1561.62387638048
"1986","188","V3",1904.35622837198
"1986","25","V4",1675.11845039509
"1986","922","V1",1940.90009014516
"1986","936","V2",1929.24512766765
"1986","937","V5",1620.54931679354
"1987","202","V4",794.346931452097
"1987","212","V2",816.935423064729
"1987","434","V3",816.814335003148
"1987","602","V5",771.241198502954
"1987","867","V1",893.220640193426
"1988","295","V4",434.115787251445
"1988","299","V5",430.384118556487
"1988","528","V2",516.730596801914
"1988","542","V3",492.581603210605
"1988","972","V1",742.124752237873
"1989","155","V4",364.411763708008
"1989","182","V5",347.215661307471
"1989","51","V1",1157.49272512591
"1989","66","V3",373.823887140246
"1989","993","V2",779.155413056974
"1990","278","V3",191.599264312386
"1990","475","V1",408.807901032411
"1990","527","V4",116.556234806891
"1990","605","V2",237.948882716631
"1990","619","V5",91.1839072688051
"1991","152","V1",308.4048074314
"1991","154","V3",238.625737386868
"1991","163","V2",247.166949856676
"1991","227","V4",230.071319525289
"1991","920","V5",211.116588684283
"1992","209","V1",1581.12363946134
"1992","210","V4",1221.77340868759
"1992","220","V5",1207.70858190401
"1992","779","V3",1312.28135429188
"1992","816","V2",1443.05414237843
"1993","107","V5",275.672415910155
"1993","55","V4",324.715572072206
"1993","689","V1",941.153969137925
"1993","690","V2",581.358788916346
"1993","910","V3",378.117704503781
"1994","170","V2",361.595458713602
"1994","225","V3",311.559031943001
"1994","233","V1",382.808830147371
"1994","436","V5",293.025385305875
"1994","517","V4",296.961299470701
"1995","412","V4",1363.06029845964
"1995","436","V1",1642.25828704171
"1995","578","V3",1370.92856208385
"1995","604","V5",1355.2115235911
"1995","857","V2",1374.27910998308
"1996","197","V2",410.021145572686
"1996","605","V3",382.580216502579
"1996","619","V5",338.928211086687
"1996","631","V1",569.788879508774
"1996","867","V4",343.186794768225
"1997","190","V1",2007.60404110754
"1997","226","V2",1744.03772395597
"1997","424","V5",1522.89582522352
"1997","51","V3",1635.51515930134
"1997","534","V4",1525.17045939837
"1998","159","V5",791.147502030189
"1998","182","V3",978.878223158773
"1998","225","V2",1171.29620349144
"1998","451","V4",838.566741895514
"1998","715","V1",2215.04048701255
"1999","152","V1",2228.87290101851
"1999","154","V3",1762.67523512571
"1999","204","V5",1579.23843681902
"1999","614","V2",2142.25599095048
"1999","964","V4",1689.21858744071
"2000","227","V1",14993.4216679759
"2000","302","V3",14724.7660176078
"2000","323","V5",14661.2574122482
"2000","464","V4",14698.2870563803
"2000","547","V2",14830.4917043656
"2001","412","V5",1894.07183445349
"2001","512","V3",1932.91608236592
"2001","8","V4",1903.8456668893
"2001","842","V2",1942.58021215915
"2001","918","V1",1978.44340334403
"2003","197","V2",747.051292975479
"2003","226","V1",792.198897111644
"2003","540","V5",343.425011612329
"2003","599","V3",426.462522441383
"2003","881","V4",422.038609810176
"2004","159","V1",2912.59843699772
"2004","182","V5",2642.54996897819
"2004","220","V2",2741.81616383431
"2004","229","V3",2688.86565245972
"2004","65","V4",2671.93684009335
"2005","196","V1",551.983087401358
"2005","238","V2",502.509565092852
"2005","723","V5",441.044664911553
"2005","744","V4",441.099785268586
"2005","880","V3",448.778123278634
"2006","444","V1",1755.09451711738
"2006","625","V3",1560.97594970747
"2006","632","V2",1632.68947850166
"2006","747","V4",1530.36136001299
"2006","769","V5",1507.47658000524
"2007","615","V5",2810.95619885813
"2007","7","V1",3838.22750733923
"2007","705","V4",2836.49607155653
"2007","923","V3",2851.91374070447
"2007","978","V2",3088.6408483233
"2008","190","V4",1786.99820759192
"2008","276","V5",1741.0008791677
"2008","428","V3",1963.88664025847
"2008","443","V1",1970.08299039545
"2008","986","V2",1965.17271237678
"2009","333","V4",414.275069733937
"2009","412","V1",610.669090943412
"2009","439","V5",351.355734114437
"2009","441","V3",414.358778037687
"2009","924","V2",438.056044988243
"2010","276","V4",1265.03782026251
"2010","428","V1",1466.81604637658
"2010","443","V2",1456.43204903851
"2010","542","V5",1175.81983222938
"2010","986","V3",1399.53256047943
"2011","424","V2",365.998202802523
"2011","427","V5",228.649049437533
"2011","70","V3",363.528507640784
"2011","716","V1",514.402746497317
"2011","757","V4",360.820169879074
"2013","403","V2",1421.60634367033
"2013","412","V1",1502.00963181896
"2013","470","V4",1327.65502074855
"2013","498","V3",1386.02723833018
"2013","816","V5",1301.22502272305
"2014","212","V4",410.507604969969
"2014","630","V3",441.71855855486
"2014","735","V1",559.800861701832
"2014","857","V5",385.914093100938
"2014","868","V2",522.206506579973
"2015","154","V5",1859.36444052998
"2015","220","V3",1907.85397770236
"2015","533","V1",2139.33893247213
"2015","857","V4",1905.47939008867
"2015","879","V2",2020.15684833869
"2016","152","V1",304.849771389146
"2016","181","V4",164.455738204525
"2016","215","V2",239.666342095943
"2016","227","V3",183.267211413636
"2016","610","V5",127.657159872034
"2017","170","V2",498.427236002298
"2017","207","V5",395.255489135447
"2017","412","V4",401.643549356821
"2017","540","V3",495.3458073325
"2017","618","V1",582.969923136265
"2018","157","V2",1049.97444380348
"2018","257","V1",2440.9061305852
"2018","295","V4",901.747138299339
"2018","468","V3",933.858547140947
"2018","498","V5",867.72141674255
"2019","207","V5",2168.22990149065
"2019","249","V4",2189.42010850322
"2019","424","V2",2346.73912485499
"2019","430","V3",2215.85438040915
"2019","690","V1",2454.19078625056
"2020","294","V3",435.283306850483
"2020","327","V4",405.683789852734
"2020","403","V1",626.706755624981
"2020","412","V5",399.598269529304
"2020","537","V2",485.622444433219
"2021","161","V1",1472.82078242901
"2021","331","V3",1259.96053757914
"2021","371","V2",1319.57595287832
"2021","502","V5",1161.27798636739
"2021","531","V4",1167.7522601927
"2022","209","V2",3122.54009259083
"2022","230","V4",1518.40500301037
"2022","378","V1",3925.01514631652
"2022","487","V5",1508.49477371299
"2022","489","V3",1634.88608755893
"2023","191","V3",1313.99438415124
"2023","208","V4",1018.66959691022
"2023","223","V1",2131.57741351569
"2023","544","V2",1664.20163192711
"2023","696","V5",962.718505058674
"2024","207","V4",258.069780555655
"2024","217","V3",267.143928637026
"2024","230","V1",298.205396058845
"2024","440","V5",241.862778411962
"2024","540","V2",278.101925797842
"2025","173","V2",1561.64694973358
"2025","176","V5",1448.46143403227
"2025","30","V1",1821.70849111985
"2025","407","V3",1469.74588313027
"2025","880","V4",1449.19649598061
"2027","298","V1",606.615074990611
"2027","302","V3",427.687368195892
"2027","465","V2",446.349528367191
"2027","538","V5",404.149785111046
"2027","542","V4",410.366095904101
"2028","230","V5",499.926367641857
"2028","440","V4",513.383343621795
"2028","56","V1",820.070060874069
"2028","616","V3",515.716047534505
"2028","64","V2",615.491599494029
"2029","199","V1",583.185814678632
"2029","221","V5",506.756220053128
"2029","424","V2",554.682295846769
"2029","517","V3",542.385571210718
"2029","969","V4",520.5517001424
"2030","191","V3",1184.48793224392
"2030","208","V4",830.637988970534
"2030","544","V2",2106.18298602395
"2030","696","V5",747.934828693007
"2030","704","V1",3207.50640813376
"2031","465","V2",9223.81657090126
"2031","498","V5",9208.83312562144
"2031","528","V3",9215.79191366967
"2031","542","V4",9211.0982280981
"2031","903","V1",9369.66347884415
"2032","103","V4",1519.76438342869
"2032","231","V5",1504.87572983977
"2032","246","V1",1653.54940971716
"2032","70","V3",1525.71269586304
"2032","981","V2",1560.75082304835
"2033","161","V2",1869.84530769159
"2033","331","V4",1751.84139916979
"2033","371","V3",1761.6571312912
"2033","464","V1",2702.27635589475
"2033","644","V5",1726.39282488523
"2034","206","V3",556.796257078496
"2034","231","V5",514.831602634076
"2034","436","V4",517.755470112187
"2034","453","V1",712.047573289328
"2034","630","V2",619.719932413596
"2035","222","V1",316.121558135693
"2035","237","V3",135.329688471676
"2035","250","V4",131.137499521241
"2035","709","V2",144.714869988086
"2035","735","V5",130.942290236695
"2036","154","V1",440.587646804567
"2036","220","V2",333.919007841617
"2036","418","V3",318.410454839909
"2036","433","V4",283.237397951738
"2036","506","V5",274.971578175245
"2037","180","V3",394.864010330746
"2037","340","V1",1100.01890213455
"2037","346","V4",386.599325121608
"2037","485","V2",453.341725654708
"2037","599","V5",377.412485523923
"2038","323","V1",777.826240054163
"2038","346","V2",533.635459683939
"2038","362","V3",531.69721001102
"2038","686","V5",516.920510893112
"2038","802","V4",521.708721952667
"2039","279","V3",880.636988285682
"2039","296","V5",850.441899615187
"2039","302","V1",1010.38671086125
"2039","467","V2",964.944712525792
"2039","792","V4",859.054633718068
"2040","329","V4",328.268178337053
"2040","366","V3",332.714690328459
"2040","544","V1",469.442943178796
"2040","718","V5",322.862396291415
"2040","730","V2",338.110736329897
"2041","166","V5",917.555796094448
"2041","182","V3",1049.54896473241
"2041","225","V2",1216.4078990591
"2041","451","V4",925.05596040885
"2041","715","V1",2239.31577242511
"2042","154","V2",1606.6200832824
"2042","190","V3",1557.09057276393
"2042","207","V4",1407.19975469212
"2042","217","V5",1382.65998169736
"2042","227","V1",2027.86692593016
"2043","205","V3",593.13967256827
"2043","615","V4",576.386760269763
"2043","622","V2",601.855426038524
"2043","632","V5",561.898543151325
"2043","816","V1",624.098400117711
"2044","202","V5",216.917260782302
"2044","212","V1",316.562016148476
"2044","227","V2",300.128608291826
"2044","434","V4",260.494420930083
"2044","867","V3",283.446245843534
"2045","159","V4",326.984498702483
"2045","333","V2",409.348289680683
"2045","383","V5",312.806171064252
"2045","441","V1",554.92239285797
"2045","863","V3",343.957886239464
"2046","159","V1",904.318575413996
"2046","316","V3",832.390798118011
"2046","438","V5",815.940712667892
"2046","705","V2",872.894804868128
"2046","946","V4",828.656201506714
"2047","153","V1",570.548523516328
"2047","489","V3",441.605903746711
"2047","518","V2",501.946029063249
"2047","529","V4",398.27020960162
"2047","878","V5",332.867581016143
"2048","226","V5",50.9558837815918
"2048","436","V3",69.3425750529607
"2048","450","V4",58.6314358997003
"2048","517","V1",107.898160808022
"2048","969","V2",96.3162292449944
"2051","172","V3",55.6544805991625
"2051","173","V1",83.6968416458879
"2051","419","V5",39.5801934140126
"2051","706","V2",65.0960821327991
"2051","863","V4",41.5630970421126
"2052","533","V2",4978.72748216193
"2052","706","V4",4764.7223384595
"2052","733","V5",4743.43386707242
"2052","868","V1",5166.6932684169
"2052","879","V3",4925.60928821314
"2053","166","V4",1212.45321380329
"2053","316","V3",1232.8530157842
"2053","407","V5",1176.34541951074
"2053","718","V1",1629.62990996655
"2053","726","V2",1393.04484049953
"2054","220","V4",1536.29379940447
"2054","294","V1",1606.14838097705
"2054","298","V5",1511.90444595745
"2054","301","V2",1580.27845950726
"2054","327","V3",1571.78367752813
"2055","511","V1",2446.87255412403
"2055","67","V2",2016.02252439228
"2055","77","V3",1912.91257721923
"2055","785","V5",1233.78000103998
"2055","993","V4",1358.48914361433
"2056","298","V3",590.700699542714
"2056","318","V5",433.52588551746
"2056","465","V1",649.606420352198
"2056","585","V4",585.907819500894
"2056","718","V2",601.3364784124
"2057","377","V2",847.398541841567
"2057","405","V3",815.554877983136
"2057","493","V4",759.089785637156
"2057","537","V1",958.659483469915
"2057","544","V5",664.752676220719
"2058","155","V3",357.931739910831
"2058","292","V2",555.984299470093
"2058","294","V5",313.267275274167
"2058","310","V4",324.015756799792
"2058","340","V1",968.422000331968
"2059","173","V4",2963.13771394092
"2059","257","V1",4708.06469078663
"2059","308","V2",3022.94832426038
"2059","486","V5",2922.55681285514
"2059","681","V3",2990.55544235444
"2060","152","V1",432.308268180655
"2060","188","V2",402.487356269065
"2060","562","V5",276.018486523825
"2060","920","V3",381.858402078302
"2060","959","V4",293.894973155366
"2061","299","V2",691.661515621388
"2061","333","V3",673.736175933813
"2061","344","V1",1852.52561972674
"2061","464","V4",618.452730896661
"2061","466","V5",531.738203552247
"2062","207","V2",2890.9178719355
"2062","498","V1",10025.0490222058
"2062","535","V4",2744.17736083202
"2062","680","V5",2634.73549617432
"2062","88","V3",2864.32522140063
"2064","403","V1",549.214452300085
"2064","424","V5",381.40677464269
"2064","429","V2",414.477336808774
"2064","436","V3",410.592225322507
"2064","510","V4",391.570346908317
"2065","375","V5",2330.75380587655
"2065","456","V3",2473.16091979671
"2065","504","V2",2546.32967401256
"2065","55","V1",2643.36599185338
"2065","67","V4",2348.62265289682
"2066","188","V1",447.422971399545
"2066","370","V3",357.255731444381
"2066","506","V2",431.843029955135
"2066","860","V5",332.319438486965
"2066","982","V4",336.932852401642
"2067","470","V2",811.551879580881
"2067","500","V5",489.307012981917
"2067","682","V4",502.315868282883
"2067","683","V3",718.507395313469
"2067","816","V1",1184.75815784568
"2068","323","V2",1088.27798190923
"2068","526","V1",1115.41781991553
"2068","546","V3",1033.62382851895
"2068","548","V5",999.954562161855
"2068","646","V4",1003.63794612979
"2069","324","V5",5061.15383612195
"2069","403","V3",5074.19717298519
"2069","45","V1",5299.01025631753
"2069","501","V4",5069.70757648835
"2069","951","V2",5153.75836342671
"2070","228","V3",2154.07090756284
"2070","403","V4",897.918292987153
"2070","65","V1",6952.37725049512
"2070","679","V5",877.877069791035
"2070","704","V2",2447.55222607505
"2071","173","V2",11914.459658816
"2071","316","V1",12157.0377278453
"2071","467","V3",11798.8468294271
"2071","64","V5",11708.4550009195
"2071","889","V4",11792.9530191935
"2072","328","V2",6016.15593055645
"2072","466","V4",5988.1685808834
"2072","542","V5",5938.96579534536
"2072","544","V3",6001.28724751966
"2072","903","V1",6112.19941640305
"2075","173","V1",2475.36442206256
"2075","190","V2",1236.28045337161
"2075","91","V3",514.910292686941
"2075","965","V5",432.705697013948
"2075","982","V4",435.30982141978
"2076","377","V4",1744.83747047039
"2076","466","V5",1102.51086715983
"2076","536","V1",2760.92233403432
"2076","704","V3",2171.55020486701
"2076","768","V2",2376.05282234209
"2077","186","V5",543.746247079825
"2077","562","V2",1081.62580631464
"2077","607","V3",981.872658482194
"2077","614","V1",1192.51411496346
"2077","879","V4",598.44050394435
"2078","154","V3",2236.23035532074
"2078","190","V2",2277.17324986417
"2078","207","V4",2070.05511042294
"2078","217","V5",2045.81724723787
"2078","227","V1",2713.41788027892
"2079","229","V3",599.584015057319
"2079","366","V2",635.033691724965
"2079","530","V4",588.168554351287
"2079","544","V1",811.019080704935
"2079","691","V5",587.725725676391
"2080","1001","V4",6924.89186446375
"2080","173","V1",7337.29657037575
"2080","190","V5",6908.16305877889
"2080","30","V3",7016.8252763273
"2080","599","V2",7017.70671937287
"2081","199","V4",828.990383493124
"2081","416","V2",922.736157659729
"2081","418","V3",863.6009815673
"2081","441","V5",812.320348355796
"2081","962","V1",1013.60592141515
"2083","173","V2",261.292710825036
"2083","412","V1",390.975270020266
"2083","420","V3",213.119208976457
"2083","851","V4",202.394442230275
"2083","924","V5",201.24020308585
"2084","276","V4",1728.02469511242
"2084","412","V5",1727.01907822598
"2084","443","V1",1951.52355644139
"2084","470","V3",1748.09818121165
"2084","986","V2",1946.73295301933
"2085",NA,"V1",NA
"2085",NA,"V2",NA
"2085",NA,"V5",NA
"2085",NA,"V4",NA
"2085",NA,"V3",NA
"2086","199","V5",407.916164170443
"2086","424","V4",408.489434855518
"2086","56","V1",776.588334899546
"2086","64","V2",601.822027124991
"2086","70","V3",424.65419143617
"2087","190","V1",1118.62339214774
"2087","312","V5",594.520262324268
"2087","330","V2",941.915876144075
"2087","352","V4",595.599219217554
"2087","930","V3",599.841917301544
"2088","257","V1",1122.96820400785
"2088","298","V2",981.024362301523
"2088","301","V3",933.06641373097
"2088","465","V4",809.887468009885
"2088","718","V5",792.211832569915
"2090","201","V3",1116.33982448691
"2090","592","V1",2266.68949572808
"2090","724","V5",970.296886444247
"2090","917","V2",1307.9153814583
"2090","918","V4",972.267317305946
"2091","238","V4",156.378695613926
"2091","302","V3",159.10633480188
"2091","481","V5",155.27523554053
"2091","617","V1",410.76996848098
"2091","880","V2",166.905369481289
"2092","190","V1",1676.92039213827
"2092","412","V4",1461.90695354613
"2092","443","V2",1590.6239772196
"2092","470","V5",1378.78251803267
"2092","986","V3",1585.70990462769
"2093","227","V1",1529.90128649608
"2093","228","V3",510.37972991186
"2093","429","V5",410.435678558017
"2093","67","V2",681.114646235913
"2093","860","V4",418.66222887986
"2094","366","V4",1748.1075859047
"2094","544","V1",1889.43728820882
"2094","718","V5",1735.74804007628
"2094","730","V3",1750.87715794445
"2094","786","V2",1766.39773653968
"2095",NA,"V2",NA
"2095",NA,"V3",NA
"2095",NA,"V5",NA
"2095",NA,"V1",NA
"2095",NA,"V4",NA
"2096","202","V4",1697.357027535
"2096","227","V1",1777.41987882625
"2096","868","V5",1694.19778068211
"2096","892","V2",1716.15422965736
"2096","964","V3",1698.69222899035
"2097","1001","V2",648.554964737022
"2097","173","V1",1105.32337923851
"2097","190","V4",606.265258358801
"2097","30","V5",553.238420193287
"2097","599","V3",642.469746872796
"2099","154","V1",448.371912410978
"2099","440","V2",216.446671331465
"2099","621","V5",186.384094487984
"2099","622","V4",191.521612991193
"2099","629","V3",214.523952352475
"2100","1","V5",656.571428571429
"2100","48","V4",658.303400305749
"2100","724","V2",666.965203021419
"2100","732","V1",688.342807770889
"2100","951","V3",662.721151687782
